{"random_effects":{"document":[0.810817892074403,-0.619432542516479,-0.872033527483755,-0.825661835046742,-0.982896594566228,-0.619432542516479,0.819049671452801,0.604063263600958,0.509034231124211,0.69237433820182,-0.872033527483755,0.604063263600958,1.53333076489008,1.06584084496887,0.600665038063765,-0.825661835046742,0.509034231124211,1.06584084496887,1.09652544320979,1.04941271023466,-0.982896594566228,0.69237433820182,0.600665038063765,1.04941271023466,1.71049268135934],"annotator":[1.37455530929828,-0.0874646214514644,0.152551450600284,0.228401737688675,0.112639310936531,-0.0874646214514644,0.681481513455998,0.0560219024135432,0.186101108776491,-0.139778588454352,0.152551450600284,0.0560219024135432,0.140066023806529,0.0095806838157307,0.259348756462695,0.228401737688675,0.186101108776491,0.0095806838157307,0.108167944529822,-0.0991379633179566,0.112639310936531,-0.139778588454352,0.259348756462695,-0.0991379633179566,0.613151864119696]},"coefficients":[0,-0.245330677214999,1.37160403649056,0.727624584805653,-1.17409234141834],"system_names":["__REFERENCE__","abssentrw","BART","onmt_pg","seneca"],"thresholds":[-4.01473678998134,-2.2339913866005,-1.09729929477843,0.0972882310939681,1.30754183523763,2.809069235298]}
