{"random_effects":{"document":[0.598597340322213,-0.598743420749592,-0.227388952097237,-0.0214343826014407,-0.343078865137925,-0.598743420749592,2.12826935642946,0.0290738754433115,0.902719288018588,0.74700954452119,-0.227388952097237,0.0290738754433115,1.00755357382214,0.415909400540846,0.35888227627733,-0.0214343826014407,0.902719288018588,0.415909400540846,1.11107795151992,0.275030531261006,-0.343078865137925,0.74700954452119,0.35888227627733,0.275030531261006,0.951377828798155],"annotator":[2.29289619485174,-1.05853725230677,-0.530152189821961,-0.602233244164636,-0.482010879834161,-1.05853725230677,1.04943827806914,0.0467991109958054,0.177959790164117,0.161212647506418,-0.530152189821961,0.0467991109958054,0.221703679006136,0.238585202731996,0.264786212249734,-0.602233244164636,0.177959790164117,0.238585202731996,0.316153557791244,0.425798928812711,-0.482010879834161,0.161212647506418,0.264786212249734,0.425798928812711,0.701041764641855]},"coefficients":[0,-2.14202119568533,-0.598144991884768,-0.869164418537575,-1.715037712545],"system_names":["__REFERENCE__","abssentrw","BART","onmt_pg","seneca"],"thresholds":[-6.60727088843942,-5.0698686415304,-3.748406299338,-2.7750459455016,-1.80111878266441,-0.398316502947284]}
